<?xml version="1.0" encoding="UTF-8"?>
<workflow-app xmlns="uri:oozie:workflow:0.2" name="Credit-card-System">
    <start to="sqoop-node"/>    
    <action name="sqoop-node">    <!--node name--> 
       
 <sqoop xmlns="uri:oozie:sqoop-action:0.2">
            <job-tracker>${jobTracker}</job-tracker>  <!--job tracking node is http://sandbox.hortonworks.com:8050 which is define in job properties--> 
            <name-node>${nameNode}</name-node> <!--name node is http://sandbox.hortonworks.com:8020 which is defined in job properties--> 
            <prepare>
                <delete path="${nameNode}/user/maria_dev/Credit_card_System"/>
            </prepare>

 
            <configuration>
                <property>
                    <name>mapred.job.queue.name</name>
                    <value>${queueName}</value>
                </property>
            </configuration>

            <command>import-all-tables --connect jdbc:mysql://localhost/CDW_SAPP --driver com.mysql.jdbc.Driver --warehouse-dir /user/maria_dev/Credit_card_System -m 1  
 </command>  <!-- get data from mysql using sqoop and store data at hive database Credit_card_System --> 
	    

        </sqoop>
        <ok to="hive-node"/>    <!-- if everything is ok then go to hive node --> 
        <error to="fail"/>
    </action>
  
    <action name="hive-node">
        <hive xmlns="uri:oozie:hive-action:0.2">
            <job-tracker>${jobTracker}</job-tracker>
            <name-node>${nameNode}</name-node>
            <prepare>
               <delete path="${nameNode}/apps/hive/warehourse/CDW*"/>   <!--if old directory is present in hadoop then this line will delete old directory because when creditcard.sql file is run, this directry will be created again for new dataset   --> 
            </prepare>
            <configuration>
                <property>
                    <name>mapred.job.queue.name</name>
                    <value>${queueName}</value>
                </property>
            </configuration>
            <script>creditcard-creditcard.sql</script>

            <param>OUTPUT=/user/maria_dev/creditcard_system/</param>  <!-- this output varibale is define inside the creditcard.sql file --> 
        </hive>
        <ok to="end"/>
        <error to="fail"/>
    </action>
 
    <kill name="fail">
        <message>Sqoop failed, error message[${wf:errorMessage(wf:lastErrorNode())}]</message>
    </kill>
    <end name="end"/>
</workflow-app>
