<?xml version="1.0" encoding="UTF-8"?>
<workflow-app xmlns="uri:oozie:workflow:0.2" name="old-movies">
    <start to="sqoop-node"/>    
    <action name="sqoop-node">    <!--node name--> 
        <sqoop xmlns="uri:oozie:sqoop-action:0.2">
            <job-tracker>${jobTracker}</job-tracker>  <!--job tracking node is http://sandbox.hortonworks.com:8050 which is define in job properties--> 
            <name-node>${nameNode}</name-node> <!--name node is http://sandbox.hortonworks.com:8020 which is defined in job properties--> 
            <prepare>
                <delete path="${nameNode}/user/maria_dev/Credit_card_System"/>
            </prepare>
 
            <configuration>
                <property>
                    <name>mapred.job.queue.name</name>
                    <value>${queueName}</value>
                </property>
            </configuration>
            <command> import --connect jdbc:mysql://localhost/CDW_SAPP --driver com.mysql.jdbc.Driver -m 1 --query 'select * from CDW_SAPP_CREDITCARD WHERE $CONDITIONS' --target-dir /user/maria_dev/Credit_card_System/ --fields-terminated-by '\t'</command>  
       <archive>/user/oozie/share/lib/lib_20161025075203/sqoop/java-json.jar#java-json.jar</archive>
        </sqoop>
        <ok to="end"/>    <!-- if everything is ok then go to hive node --> 
        <error to="fail"/>
    </action>
  
    <kill name="fail">
        <message>Sqoop failed, error message[${wf:errorMessage(wf:lastErrorNode())}]</message>
    </kill>
    <end name="end"/>
</workflow-app>


